Jongman Park <jman.park@samsung.com>
Ja-young Gu <jygu@samsung.com>
Kyeongchul Kim <kyeongchul.kim@samsung.com>
DongHoo Park <donghoo.park@samsung.>
Youngman Park <youngman.park@samsung.com>
Inho Oh <inho48.oh@samsung.com>
Hayoon Ko <hayoon.ko@samsung.com>
Junhwan An <jh48.an@samsung.com>
Kyoungyoup Park <gynaru.park@samsung.com>
Jinyup Kim <kjy9411@samsung.com>
